,Cp,Ct,Ce,Rate
0,1.4071257801860282,4,0.0,6.0084270813943395
1,2.7966661549464504,4,0.010694155929413812,6.0084270813943395
2,4.168845687034958,4,0.03186754312194329,6.0084270813943395
3,5.523886067065323,4,0.0633085770156822,6.0084270813943395
4,6.862006150250384,4,0.10480896594005945,6.0084270813943395
5,8.183421992671066,4,0.1561636645408179,6.0084270813943395
6,9.488346887081475,4,0.21717082783460778,6.0084270813943395
7,10.776991398255975,4,0.2876317658848839,6.0084270813943395
8,12.049563397884125,4,0.3673508990909042,6.0084270813943395
9,13.306268099019254,4,0.4561357140817327,6.0084270813943395
10,13.140182309900352,4,0.5537967202072578,0.0
11,12.976217213508656,4,0.6494532506889252,0.0
12,12.814345686548126,4,0.7431366568063551,0.0
13,12.654540952670173,4,0.8348778454323925,0.0
14,12.496776578035638,4,0.9247072850473996,0.0
15,12.341026466933535,4,1.0126550116741104,0.0
16,12.187264857455851,4,1.0987506347340819,0.0
17,12.03546631722766,4,1.1830233428267674,0.0
18,11.885605739191858,4,1.265501909432214,0.0
19,11.737658337447822,4,1.3462146985383874,0.0
20,11.5915996431433,4,1.425189670194099,0.0
21,11.447405500418842,4,1.5024543859885127,0.0
22,11.305052062404119,4,1.578036014458183,0.0
23,11.164515787265447,4,1.6519613364225723,0.0
24,11.025773434303874,4,1.7242567502489778,0.0
25,10.88880206010318,4,1.794948277047795,0.0
26,10.75357901472715,4,1.8640615657990156,0.0
27,10.620081937965484,4,1.9316218984108695,0.0
28,10.488288755627735,4,1.997654194711484,0.0
29,10.35817767588465,4,2.0621830173744473,0.0
30,10.22972718565632,4,2.125232576779125,0.0
31,10.102916047046506,4,2.1868267358065916,0.0
32,9.977723293822613,4,2.246989014572015,0.0
33,9.854128227940667,4,2.305742595094319,0.0
34,9.732110416114734,4,2.363110325903951,0.0
35,9.611649686430257,4,2.419114726589553,0.0
36,9.49272612500067,4,2.4737779922843424,0.0
37,9.37532007266682,4,2.527121998092986,0.0
38,9.259412121738585,4,2.5791683034597472,0.0
39,9.144983112778172,4,2.629938156478666,0.0
40,9.032014131424578,4,2.6794524981465426,0.0
41,8.92048650525865,4,2.7277319665594555,0.0
42,8.810381800708258,4,2.77479690105357,0.0
43,8.701681819993071,4,2.820667346290945,0.0
44,8.594368598108375,4,2.865363056291081,0.0
45,8.488424399847508,4,2.9089034984088924,0.0
46,8.383831716862376,4,2.9513078572598253,0.0
47,8.280573264761548,4,2.9925950385928046,0.0
48,8.178631980245505,4,3.032783673111687,0.0
49,8.07799101827851,4,3.071892120245904,0.0
50,7.978633749296657,4,3.1099384718709517,0.0
51,7.880543756451643,4,3.146940555979387,0.0
52,7.783704832889788,4,3.1829159403029763,0.0
53,7.688100979065872,4,3.2178819358866355,0.0
54,7.593716400091309,4,3.2518556006147974,0.0
55,7.500535503116274,4,3.284853742690819,0.0
56,7.408542894745291,4,3.316892924070052,0.0
57,7.31772337848589,4,3.347989463847184,0.0
58,7.228061952229905,4,3.378159441598438,0.0
59,7.139543805766981,4,3.4074187006792367,0.0
60,7.052154318329887,4,3.435782851477904,0.0
61,6.9658790561712385,4,3.4632672746259785,0.0
62,6.88070377017121,4,3.489887124165722,0.0
63,6.796614393475847,4,3.5156573306753636,0.0
64,6.713597039165594,4,3.540592604352647,0.0
65,6.631637997953646,4,3.5647074380572255,0.0
66,6.5507237359137305,4,3.588016110312438,0.0
67,6.470840892236972,4,3.610532688267007,0.0
68,6.391976277017434,4,3.632271030617179,0.0
69,6.314116869066002,4,3.6532447904898206,0.0
70,6.237249813752214,4,3.6734674182869997,0.0
71,6.161362420873715,4,3.692952164492535,0.0
72,6.0864421625529515,4,3.711712082441032,0.0
73,6.012476671160778,4,3.729760031049883,0.0
74,5.93945373726662,4,3.747108677514725,0.0
75,5.867361307614857,4,3.7637704999688397,0.0
76,5.7961874831271,4,3.7797577901069492,0.0
77,5.725920516930008,4,3.7950826557739026,0.0
78,5.656548812408345,4,3.809757023518688,0.0
79,5.588060921282938,4,3.8237926411142493,0.0
80,5.520445541713216,4,3.837201080043531,0.0
81,5.453691516424025,4,3.84999373795222,0.0
82,5.387787830856407,4,3.862181841068605,0.0
83,5.322723611342026,4,3.8737764465909925,0.0
84,5.258488123300952,4,3.8847884450431,0.0
85,5.195070769462498,4,3.8952285625978593,0.0
86,5.132461088108809,4,3.905107363370031,0.0
87,5.070648751340932,4,3.9144352516780456,0.0
88,5.009623563367044,4,3.9232224742754833,0.0
89,4.949375458812603,4,3.931479122552579,0.0
90,4.8898945010520904,4,3.939215134708155,0.0
91,4.831170880562113,4,3.9464402978923694,0.0
92,4.773194913295557,4,3.95316425032066,0.0
93,4.715957039076544,4,3.9593964833592685,0.0
94,4.659447820015925,4,3.96514634358272,0.0
95,4.603657938947028,4,3.970423034803612,0.0
96,4.548578197881432,4,3.9752356200751016,0.0
97,4.494199516484482,4,3.9795930236664296,0.0
98,4.440512930570306,4,3.9835040330118465,0.0
99,4.387509590616093,4,3.9869773006332907,0.0
100,4.33518076029536,4,3.99002134603716,0.0
101,4.283517815029995,4,3.9926445575855216,0.0
102,4.2325122405608155,4,3.994855194342099,0.0
103,4.18215563153641,4,3.9966613878933615,0.0
104,4.1324396901200355,4,3.9980711441450483,0.0
105,4.083356224614333,4,3.999092345094458,0.0
106,4.0348971481036315,4,3.9997327505788087,0.0
107,4.03488801478004,4,3.999999999999998,0.20424920583559114
108,4.034889611049528,4,4.000265148912326,0.20424920583559114
109,4.034901790106895,4,4.0005282948245675,0.20424920583559114
110,4.034924407034406,4,4.000789533388714,0.20424920583559114
111,4.034957318777635,4,4.001048958428421,0.20424920583559114
112,4.035000384121617,4,4.0013066619670745,0.20424920583559114
113,4.035053463667319,4,4.001562734255449,0.20424920583559114
114,4.035116419808388,4,4.00181726379898,0.20424920583559114
115,4.035189116708227,4,4.002070337384651,0.20424920583559114
116,4.03527142027733,4,4.00232204010751,0.20424920583559114
117,3.9875296604845207,4,4.0025724553968,0.0
118,3.9403950389056153,4,4.002458130155467,0.0
119,3.8938597928204057,4,4.001986450661967,0.0
120,3.847916258802974,4,4.001164688062371,0.0
121,3.879201887493821,4,3.999999999999999,0.327274218500463
122,3.910106331247784,4,3.999081934344952,0.327274218500463
123,3.940634448719418,4,3.9984057197614136,0.327274218500463
124,3.970791036430524,4,3.9979666581014945,0.327274218500463
125,4.000580829564914,4,3.997760123376795,0.327274218500463
126,4.030008502753003,4,3.997781560743825,0.327274218500463
127,4.0590786708463735,4,3.998026485503095,0.327274218500463
128,4.087795889682423,4,3.998490482111704,0.327274218500463
129,4.116164656839233,4,3.999169203209241,0.327274218500463
130,4.14418941238079,4,4.000058368656829,0.327274218500463
131,4.095229523550397,4,4.00115376458913,0.0
132,4.046892196595146,4,4.001868740357235,0.0
133,3.9991694716596746,4,4.002210918624644,0.0
134,3.952053490704427,4,4.002187803627709,0.0
135,3.9055364962032697,4,4.001806782849492,0.0
136,3.859610829857767,4,4.00107512867098,0.0
137,3.8891729954474292,4,3.999999999999999,0.31984035379040143
138,3.918375359608957,4,3.999157714765399,0.31984035379040143
139,3.9472225080917123,4,3.9985437688662095,0.31984035379040143
140,3.9757189680025857,4,3.998153727284323,0.31984035379040143
141,4.003869208556103,4,3.9979832231137817,0.31984035379040143
142,4.031677641814953,4,3.9980279566031425,0.31984035379040143
143,4.059148623421031,4,3.9982836942107522,0.31984035379040143
144,4.0862864533171415,4,3.99874626767275,0.31984035379040143
145,4.1130953764594596,4,3.999411573083647,0.31984035379040143
146,4.139579583520883,4,4.000275569989303,0.31984035379040143
147,4.090839147465859,4,4.001334280492143,0.0
148,4.0427183222035685,4,4.002014517481144,0.0
149,3.9952091857721395,4,4.002323866397035,0.0
150,3.9483039175406414,4,4.002269794824285,0.0
151,3.9019947969129083,4,4.001859654156929,0.0
152,3.8562742020479273,4,4.001100681241875,0.0
153,3.8862886405681656,4,4.0,0.32090771651855643
154,3.915937422841937,4,3.999135793668317,0.32090771651855643
155,3.9452252095866607,4,3.9985034860500366,0.32090771651855643
156,3.97415660191824,4,3.998098571148915,0.32090771651855643
157,4.002736142113444,4,3.9979166121827614,0.32090771651855643
158,4.030968314362542,4,3.997953240610235,0.32090771651855643
159,4.0588575455123035,4,3.998204155170753,0.32090771651855643
160,4.086408205799505,4,3.998665120937349,0.32090771651855643
161,4.113624609575044,4,3.999331968382301,0.32090771651855643
162,4.1405110160187935,4,4.000200592455365,0.32090771651855643
163,4.091917597873755,4,4.001266951674448,0.0
164,4.043941767613298,4,4.001955896585562,0.0
165,3.9965756292945454,4,4.002274989205373,0.0
166,3.949811387972599,4,4.00223167407005,0.0
167,3.903641348408606,4,4.001833279895709,0.0
168,3.8580579137943696,4,4.0010870212164065,0.0
169,3.8877842414166772,4,3.9999999999999982,0.3190999050630113
170,3.9171483321730136,4,3.999147160234765,0.3190999050630113
171,3.946154803298501,4,3.9985239691414947,0.3190999050630113
172,3.974808212982699,4,3.9981259634810877,0.3190999050630113
173,4.00311306112487,4,3.9979487485772998,0.3190999050630113
174,4.031073790079599,4,3.9979879973526615,0.3190999050630113
175,4.058694785392859,4,3.9982394493773854,0.3190999050630113
176,4.085980376528677,4,3.9986989099311026,0.3190999050630113
177,4.112934837586491,4,3.9993622490772447,0.3190999050630113
178,4.139562388009342,4,4.0002254007499145,0.3190999050630113
179,4.09113653635958,4,4.001284361853085,0.0
180,4.043325990250361,4,4.0019672383793345,0.0
181,3.996122883072979,4,4.002281564893555,0.0
182,3.9495194488413334,4,4.002234758911719,0.0
183,3.9035080209048014,4,4.0018341225551834,0.0
184,3.8580810306775812,4,4.00108684418264,0.0
185,3.8132310063842887,4,4.000000000000001,0.0
186,3.851022006049186,4,3.998580555648521,0.3504450241518171
187,3.8883496345328563,4,3.9974591106715662,0.3504450241518171
188,3.9252198008781343,4,3.9966298786529113,0.3504450241518171
189,3.9616383385598235,4,3.996087162061823,0.3504450241518171
190,3.9976110064513253,4,3.995825351003208,0.3504450241518171
191,4.0331434897788885,4,3.9958389219846127,0.3504450241518171
192,4.068241401063659,4,3.996122436699849,0.3504450241518171
193,4.102910281051682,4,3.996670540829014,0.3504450241518171
194,4.1371555996320035,4,3.997477962854706,0.3504450241518171
195,4.170982756743024,4,3.9985395128942125,0.3504450241518171
196,4.122325649039679,4,3.9998500815474634,0.0
197,4.07428665251756,4,4.000780895860404,0.0
198,4.026857864832129,4,4.001339539610998,0.0
199,3.9800314847184226,4,4.001533478882679,0.0
200,3.9337998106980714,3,4.00137006372703,0.0
201,3.88815523980288,3,4.00085652980401,0.0
202,3.8430902663147237,3,4.000000000000002,0.0
203,3.798597480521559,3,3.998807486023993,0.0
204,3.7546695674893633,3,3.9972858899821744,0.0
205,3.7112993058497645,3,3.995442005931229,0.0
206,3.6684795666031924,3,3.99328252141061,0.0
207,3.626203311937335,3,3.9908140189540733,0.0
208,3.5844635940607046,3,3.9880429775807453,0.0
209,3.5432535540511347,3,3.9849757742659935,0.0
210,3.502566420718996,3,3.9816186853923603,0.0
211,3.462395509484958,3,3.9779778881808423,0.0
212,3.42273422127211,3,3.9740594621027534,0.0
213,3.383576041412244,3,3.9698693902724402,0.0
214,3.344914538566139,3,3.9654135608211023,0.0
215,3.306743363657647,3,3.960697768251965,0.0
216,3.269056248821421,3,3.9557277147770473,0.0
217,3.2318470063641,3,3.950509011635785,0.0
218,3.1951095277387798,3,3.94504718039572,0.0
219,3.1588377825326077,3,3.939347654235527,0.0
220,3.1230258174673247,3,3.9334157792105846,0.0
221,3.087667755412589,3,3.9272568155013357,0.0
222,3.052757794411927,3,3.920875938644661,0.0
223,3.0182902067211392,3,3.9142782407484926,0.0
224,2.9842593378590094,3,3.907468731689885,0.0
225,2.9506596056701535,3,3.90045234029677,0.0
226,2.9174854993998602,3,3.8932339155136075,0.0
227,2.884731578780764,3,3.885818227551143,0.0
228,2.8523924731311983,3,3.878209969020487,0.0
229,2.8204628804650884,3,3.870413756051729,0.0
230,2.7889375666132246,3,3.86243412939727,0.0
231,2.757811364355777,3,3.8542755555201116,0.0
232,2.72707917256591,3,3.845942427667262,0.0
233,2.696735955364348,3,3.837439066928492,0.0
234,2.666776741284756,3,3.828769723280604,0.0
235,2.6371966224497982,3,3.819938576617435,0.0
236,2.6079907537577336,3,3.8109497377657604,0.0
237,2.57915435207942,3,3.8018072494872994,0.0
238,2.5506826954655835,3,3.7925150874669993,0.0
239,2.522571122364236,3,3.7830771612877885,0.0
240,2.4948150308480974,3,3.7734973153919693,0.0
241,2.467409877851902,3,3.763779330029435,0.0
242,2.4403511784194625,3,3.7539269221928855,0.0
243,2.413634504960363,3,3.7439437465402072,0.0
244,2.3872554865161617,3,3.733833396304201,0.0
245,2.3612098080359805,3,3.7235994041898115,0.0
246,2.3354932096613568,3,3.713245243259042,0.0
247,2.31010148602025,3,3.7027743278036995,0.0
248,2.285030485530073,3,3.692190014206145,0.0
249,2.2602761097096433,3,3.681495601788207,0.0
250,2.2358343124999305,3,3.67069433364841,0.0
251,2.211701099593498,3,3.659789397487682,0.0
252,2.1878725277725186,3,3.6487839264236857,0.0
253,2.164344704255258,3,3.6376809997939366,0.0
254,2.1411137860509215,3,3.6264836439478425,0.0
255,2.1181759793227477,3,3.615194833027826,0.0
256,2.0955275387592542,3,3.6038174897396673,0.0
257,2.0731647669535223,3,3.592354486112216,0.0
258,2.051084013790426,3,3.5808086442466096,0.0
259,2.0292816758416934,3,3.5691827370551423,0.0
260,2.007754195768713,3,3.55747948898992,0.0
261,1.9864980617329724,3,3.5457015767614384,0.0
262,1.9655098068140444,3,3.5338516300472222,0.0
263,1.9447860084350148,3,3.52193223219065,0.0
264,1.9243232877952585,3,3.509945920890107,0.0
265,1.904118309310476,3,3.497895188878586,0.0
266,1.8841677800598886,3,3.4857824845938676,0.0
267,1.864468449240506,3,3.4736102128394095,0.0
268,1.8450171076283755,3,3.461380735436057,0.0
269,1.8258105870467225,3,3.4490963718647185,0.0
270,1.8068457598408934,3,3.4367593999001014,0.0
271,1.7881195383600155,3,3.424372056235651,0.0
272,1.7696288744452882,3,3.411936537099797,0.0
273,1.7513707589248177,3,3.3994549988636225,0.0
274,1.7333422211149156,3,3.3869295586400874,0.0
275,1.715540328327776,3,3.3743622948748957,0.0
276,1.6979621853854483,3,3.3617552479291373,0.0
277,1.6806049341400315,3,3.349110420653805,0.0
278,1.6634657530000019,3,3.3364297789563007,0.0
279,1.6465418564626004,3,3.3237152523590328,0.0
280,1.6298304946522042,3,3.3109687345502197,0.0
281,1.6133289528646007,3,3.2981920839269945,0.0
282,1.597034551117091,3,3.28538712413092,0.0
283,1.5809446437043495,3,3.2725556445760144,0.0
284,1.5650566187599648,3,3.259699400969389,0.0
285,1.5493678978235879,3,3.2468201158245975,0.0
286,1.5338759354136176,3,3.2339194789677896,0.0
287,1.5185782186053545,3,3.2209991480367774,0.0
288,1.503472266614546,3,3.208060748973099,0.0
289,1.4885556303862642,3,3.1951058765071734,0.0
290,1.4738258921890381,3,3.1821360946366544,0.0
291,1.4592806652141803,3,3.1691529370980525,0.0
292,1.4449175931802374,3,3.156157907831735,0.0
293,1.4307343499425016,3,3.143152481440383,0.0
294,1.416728639107515,3,3.130138103640999,0.0
295,1.4028981936525076,3,3.1171161917105445,0.0
296,1.3892407755497027,3,3.104088134925303,0.0
297,1.375754175395425,3,3.091055294994048,0.0
298,1.3624362120439588,3,3.078019006485098,0.0
299,1.3492847322460837,3,3.0649805772473453,0.0
300,1.3362976102922381,3,3.051941288825336,0.0
301,1.3234727476602453,3,3.0389023968684845,0.0
302,1.310808072667547,3,3.025865131534501,0.0
303,1.2983015401278846,3,3.012830697887112,0.0
304,1.5403994372332055,3,2.999800276288142,1.0864942675629627
305,1.7794715237952248,3,2.9887088299113245,1.0864942675629627
306,2.0155564394242003,3,2.9795186263848423,1.0864942675629627
307,2.248692329532301,3,2.972192513763941,1.0864942675629627
308,2.478916851655143,3,2.9666939123637808,1.0864942675629627
309,2.706267181692462,3,2.962986806702395,1.0864942675629627
310,2.9307800200689567,3,2.9610357375523195,1.0864942675629627
311,3.152491597816329,3,2.9608057940994454,1.0864942675629627
312,3.371437682577519,3,2.9622626062076938,1.0864942675629627
313,3.5876535845341406,3,2.9653723367881044,1.0864942675629627
314,3.5467258560372596,3,2.9701016742709743,0.0
315,3.5063171568080023,3,2.9744840180523977,0.0
316,3.4664208521313356,3,2.97852594990694,0.0
317,3.4270303921565297,3,2.9822339511638454,0.0
318,3.3881393108116105,3,2.98561440411539,0.0
319,3.349741224731694,3,2.988673593406281,0.0
320,3.311829832201035,3,2.991417707404354,0.0
321,3.2743989121086043,3,2.9938528395528086,0.0
322,3.2374423229170275,3,2.9959849897042328,0.0
323,3.200954001644712,3,2.9978200654366502,0.0
324,3.1649279628609968,3,2.9993638833518315,0.0
325,3.129358297694148,3,3.000622170356101,0.0
326,3.0942391728520557,3,3.00160056492387,0.0
327,3.05956482965545,3,3.002304618344124,0.0
328,3.025329583083484,3,3.0027397959500903,0.0
329,2.9915278208315255,3,3.002911478332304,0.0
330,2.958154002381006,3,3.0028249625352976,0.0
331,2.925202658081161,3,3.002485463238125,0.0
332,2.8926683882425217,3,3.001898113918932,0.0
333,2.860545862241997,3,3.0010679680037913,0.0
334,2.828829817639409,3,3.0000000000000013,0.0
335,2.861653509532031,3,2.998699106614061,0.2738711824680335
336,2.894071795523907,3,2.997657560076237,0.2738711824680335
337,2.92608984836986,3,2.996870308265639,0.2738711824680335
338,2.957712774669808,3,2.996332376770431,0.2738711824680335
339,2.988945615714983,3,2.996038867794466,0.2738711824680335
340,3.0197933483233195,3,2.995984959078662,0.2738711824680335
341,3.0502608856641618,3,2.9961659028369207,0.2738711824680335
342,3.0803530780724215,3,2.9965770247064074,0.2738711824680335
343,3.110074713852318,3,2.9972137227119893,0.2738711824680335
344,3.139430520070839,3,2.9980714662446557,0.2738711824680335
345,3.1042867131143477,3,2.999145795053735,0.0
346,3.0695879136315436,3,2.9999448660309955,0.0
347,3.0353284338028588,3,3.0004741531927595,0.0
348,3.001502658560651,3,3.000739045725396,0.0
349,2.968105044658593,3,3.000744849182944,0.0
350,2.9351301197529645,3,3.0004967866685583,0.0
351,2.9498697352560943,3,3.0,0.20195927355690116
352,2.9644302117396424,3,2.999619009987946,0.20195927355690116
353,2.9788138323258484,3,2.999351575121259,0.20195927355690116
354,2.9930228509404637,3,2.999195488276014,0.20195927355690116
355,3.0070594926862153,3,2.9991485762322636,0.20195927355690116
356,3.0209259542114877,3,2.9992086991973133,0.20195927355690116
357,3.034624404074294,3,2.999373750335421,0.20195927355690116
358,3.0481569831015896,3,2.999641655303837,0.20195927355690116
359,3.061525804743989,3,3.0000103717950997,0.20195927355690116
360,3.0747329554259433,3,3.000477889085511,0.20195927355690116
361,3.0404832411310463,3,3.001042227589698,0.0
362,3.0066670414446763,3,3.0013419792926124,0.0
363,2.973278815615755,3,3.0013824497649675,0.0
364,2.9403130937638293,3,3.0011688621454335,0.0
365,2.907764475972521,3,3.000706358305733,0.0
366,2.87562763139458,3,3.000000000000001,0.0
367,2.901243823873374,3,2.9990547699985997,0.24486966817632877
368,2.926544649413608,3,2.998311406808048,0.24486966817632877
369,2.9515341310333,3,2.9977659794518496,0.24486966817632877
370,2.9762162403005603,3,2.9974146174038685,0.24486966817632877
371,3.000594897991709,3,2.9972535097378836,0.24486966817632877
372,3.0246739747409737,3,2.997278904288613,0.24486966817632877
373,3.0484572916818795,3,2.997487106824051,0.24486966817632877
374,3.071948621080433,3,2.99787448022897,0.24486966817632877
375,3.0951516869602043,3,2.9984374436994408,0.24486966817632877
376,3.118070165719418,3,2.9991724719482225,0.24486966817632877
377,3.083361160235152,3,3.0000760944208835,0.0
378,3.04909146212182,3,3.0007090609210723,0.0
379,3.015255456611863,3,3.001076767170198,0.0
380,2.981847600755054,3,3.0011845252099545,0.0
381,2.9488624224998414,3,3.001037564584097,0.0
382,2.916294519786445,3,3.0006410335042566,0.0
383,2.884138559651549,3,3.000000000000001,0.0
384,2.9084331598561937,3,2.9991194530533525,0.23930737832513332
385,2.932428837991266,3,2.998430237225054,0.23930737832513332
386,2.9561294071501205,3,2.9979286265908773,0.23930737832513332
387,2.979538631661049,3,2.9976109525231274,0.23930737832513332
388,3.002660227711055,3,2.9974736028845754,0.23930737832513332
389,3.025497863961649,3,2.9975130212332566,0.23930737832513332
390,3.048055162156767,3,2.997725706037992,0.23930737832513332
391,3.0703356977229133,3,2.9981082099044944,0.23930737832513332
392,3.0923430003616232,3,2.998657138811914,0.23930737832513332
393,3.1140805546343504,3,2.999369151359692,0.23930737832513332
394,3.0795079180281313,3,3.000240958024579,0.0
395,3.0453727715475645,3,3.000843386920606,0.0
396,3.0116695237435347,3,3.0011818102437706,0.0
397,2.9783926546859054,3,3.0012615168663688,0.0
398,2.945536715048676,3,3.001087713513797,0.0
399,2.9130963252068476,3,3.000665525925462,0.0
400,3.8022441200412653,5,3.0000000000000004,3.933429828123756
401,4.680284587144015,5,3.006097055312314,3.933429828123756
402,5.547359561183101,5,3.0188208805542347,3.933429828123756
403,6.403609062776408,5,3.0380377745270137,3.933429828123756
404,7.249171321696121,5,3.063616116317709,3.933429828123756
405,8.084182799776311,5,3.0954263358785847,3.933429828123756
406,8.90877821352752,5,3.1333408850042073,3.933429828123756
407,9.723090556462045,5,3.177234208700984,3.933429828123756
408,10.527251121133661,5,3.226982716943968,3.933429828123756
409,11.321389520895405,5,3.2824647568158096,3.933429828123756
410,11.184455765682637,5,3.3435605850228143,0.0
411,11.04926644413217,5,3.4031513883958286,0.0
412,10.91579924928215,5,3.4612618628194247,0.0
413,10.784032159505989,5,3.5179163469565418,0.0
414,10.653943434862478,5,3.5731388271319173,0.0
415,10.525511613492565,5,3.6269529421506697,0.0
416,10.398715508062246,5,3.6793819880528673,0.0
417,10.273534202250945,5,3.7304489228049387,0.0
418,10.149947047284815,5,3.780176370928729,0.0
419,10.02793365851439,5,3.828586628069035,0.0
420,9.907473912036002,5,3.8757016655004195,0.0
421,9.788547941356425,5,3.9215431345740894,0.0
422,9.67113613410019,5,3.9661323711056355,0.0
423,9.555219128758996,5,4.0094903997043945,0.0
424,9.440777811482734,5,4.051637938045209,0.0
425,9.327793312911524,5,4.092595401083334,0.0
426,9.2162470050483,5,4.132382905213228,0.0
427,9.106120498171398,5,4.171020272371973,0.0
428,8.997395637786616,5,4.20852703408805,0.0
429,8.89005450161829,5,4.244922435476159,0.0
430,8.784079396638843,5,4.280225439178839,0.0
431,8.679452856136331,5,4.314454729255535,0.0
432,8.576157636819511,5,4.3476287150198285,0.0
433,8.474176715959922,5,4.379765534825506,0.0
434,8.37349328857054,5,4.410883059802127,0.0
435,8.274090764620514,5,4.440998897540767,0.0
436,8.175952766285533,5,4.470130395730572,0.0
437,8.079063125233363,5,4.498294645746789,0.0
438,7.983405879944112,5,4.525508486190887,0.0
439,7.888965273064761,5,4.551788506383412,0.0
440,7.795725748797554,5,4.57715104981019,0.0
441,7.7036719503217705,5,4.601612217522494,0.0
442,7.612788717248505,5,4.625187871491768,0.0
443,7.523061083107979,5,4.647893637919519,0.0
444,7.434474272869011,5,4.669744910502952,0.0
445,7.347013700490207,5,4.690756853656933,0.0
446,7.260664966502483,5,4.7109444056928655,0.0
447,7.175413855622506,5,4.730322281955019,0.0
448,7.091246334396662,5,4.748904977914891,0.0
449,7.008148548875168,5,4.766706772224152,0.0
450,6.926106822315925,5,4.7837417297266995,0.0
451,6.845107652917754,5,4.8000237044303775,0.0
452,6.765137711582623,5,4.815566342438881,0.0
453,6.686183839706494,5,4.830383084844373,0.0
454,6.608233046998438,5,4.844487170581325,0.0
455,6.5312725093276365,5,4.857891639242095,0.0
456,6.455289566597935,5,4.870609333854745,0.0
457,6.380271720649576,5,4.882652903623593,0.0
458,6.30620663318777,5,4.89403480663299,0.0
459,6.233082123737778,5,4.904767312514807,0.0
460,6.160886167626132,5,4.914862505080101,0.0
461,6.089606893987697,5,4.924332284915451,0.0
462,6.019232583798209,5,4.933188371944399,0.0
463,5.949751667931996,5,4.941442307954489,0.0
464,5.881152725244538,5,4.949105459090317,0.0
465,5.813424480679548,5,4.956189018313089,0.0
466,5.746555803400271,5,4.962704007827074,0.0
467,5.68053570494469,5,4.9686612814734294,0.0
468,5.615353337404332,5,4.974071527091811,0.0
469,5.550997991626352,5,4.978945268850186,0.0
470,5.487459095438645,5,4.983292869543285,0.0
471,5.424726211897629,5,4.98712453286009,0.0
472,5.3627890375584695,5,4.990450305620775,0.0
473,5.301637400767417,5,4.993280079983501,0.0
474,5.241261259975985,5,4.995623595621459,0.0
475,5.181650702076704,5,4.997490441870553,0.0
476,5.122795940760155,5,4.998890059848119,0.0
477,5.064687314893019,5,4.99983174454305,0.0
478,5.007315286916885,5,5.000324646877709,0.0
479,4.950670441267524,5,5.000377775742006,0.0
480,4.966652974074118,5,5.0,0.30705352767902416
481,4.982445536587627,5,4.9997465626029625,0.30705352767902416
482,4.998050545955709,5,4.999615074805246,0.30705352767902416
483,5.0134703884196705,5,4.999603184385989,0.30705352767902416
484,5.028707419709788,5,4.999708575136645,0.30705352767902416
485,5.043763965435585,5,4.999928966355402,0.30705352767902416
486,5.05864232147111,5,5.000262112348411,0.30705352767902416
487,5.073344754335294,5,5.000705801937743,0.30705352767902416
488,5.08787350156743,5,5.001257857975964,0.30705352767902416
489,5.102230772097866,5,5.001916136867259,0.30705352767902416
490,5.044509255354213,5,5.002678528095011,0.0
491,4.987519276653711,5,5.00299644162218,0.0
492,4.931251485264109,5,5.002878815168421,0.0
493,4.875696650057428,5,5.0023344474611475,0.0
494,4.820845657980032,5,5.00137200020088,0.0
495,4.766689512542268,5,5.000000000000002,0.0
496,4.813546560215723,5,4.998226840295323,0.42839726308299747
497,4.859826976390345,5,4.9968232701667175,0.42839726308299747
498,4.90553811658851,5,4.9957820983340175,0.42839726308299747
499,4.950687242264037,5,4.9950962440727515,0.42839726308299747
500,4.995281522005451,5,4.994758735659005,0.42839726308299747
501,5.039328032723872,5,4.994762708835238,0.42839726308299747
502,5.082833760825688,5,4.995101405296792,0.42839726308299747
503,5.125805603370243,5,4.99576817119881,0.42839726308299747
504,5.168250369212715,5,4.996756455683313,0.42839726308299747
505,5.210174780132358,5,4.998059809426136,0.42839726308299747
506,5.151258244058049,5,4.9996718832035025,0.0
507,5.09308836873877,5,5.000823939545996,0.0
508,5.035655610161916,5,5.001525149207861,0.0
509,4.978950546391357,5,5.001784540711112,0.0
510,4.922963876005893,5,5.001611002354282,0.0
511,4.867686416557669,5,5.001013284194034,0.0
512,4.897888816626328,5,4.999999999999997,0.3620093769695236
513,4.92772288809623,5,4.999223955006357,0.3620093769695236
514,4.9571933263534556,5,4.99868054689784,0.3620093769695236
515,4.986304766738604,5,4.998365244021702,0.3620093769695236
516,5.015061785314853,5,4.998273584394351,0.3620093769695236
517,5.043468899626204,5,4.998401174721346,0.3620093769695236
518,5.07153056944601,5,4.998743689430623,0.3620093769695236
519,5.099251197515957,5,4.999296869718739,0.3620093769695236
520,5.1266351302755595,5,5.000056522609998,0.3620093769695236
521,5.153686658582352,5,5.001018520028255,0.3620093769695236
522,5.0956303048468525,5,5.002178797881266,0.0
523,5.038309489954826,5,5.002889029334204,0.0
524,4.98171481228,5,5.003158224834921,0.0
525,4.925836990451106,5,5.002995254899504,0.0
526,4.870666861813631,5,5.002408852089696,0.0
527,4.816195380911236,5,5.001407612963597,0.0
528,4.853820066513054,5,4.999999999999998,0.39030553520790673
529,4.890983312143724,5,4.998889032505497,0.39030553520790673
530,4.927691002548922,5,4.998068949030747,0.39030553520790673
531,4.963948947216686,5,4.997534076637486,0.39030553520790673
532,4.999762881340057,5,4.9972788296538875,0.39030553520790673
533,5.035138466767424,5,4.997297708446701,0.39030553520790673
534,5.070081292940692,5,4.9975852982099385,0.39030553520790673
535,5.104596877821477,5,4.998136267769892,0.39030553520790673
536,5.138690668805423,5,4.998945368406285,0.39030553520790673
537,5.172368043624848,5,5.000007432689318,0.39030553520790673
538,5.114227862713388,5,5.001317373332427,0.0
539,5.056824158075686,5,5.002175493051722,0.0
540,5.0001475162292435,5,5.002590822905904,0.0
541,4.944188644098095,5,5.002572253775162,0.0
542,4.888938367472613,5,5.002128538341616,0.0
543,4.834387629489018,5,5.001268293043011,0.0
544,4.8693513368862265,5,5.0,0.37927782992614045
545,4.903886748619312,5,4.999007070160335,0.37927782992614045
546,4.937999326301868,5,4.998284155716623,0.37927782992614045
547,4.971694461701549,5,4.99782599101307,0.37927782992614045
548,5.0049774776335045,5,4.997627391390301,0.37927782992614045
549,5.037853628842374,5,4.997683252045749,0.37927782992614045
550,5.070328102873005,5,4.997988546909403,0.37927782992614045
551,5.1024060209300295,5,4.9985383275347255,0.37927782992614045
552,5.134092438726447,5,4.99932772200453,0.37927782992614045
553,5.165392347321351,5,5.000351933851616,0.37927782992614045
554,5.107486826189065,5,5.001606240993986,0.0
555,5.050314653940272,5,5.002410933441468,0.0
556,4.9938664572227625,5,5.00277500171726,0.0
557,4.938132982577392,5,5.002707296779101,0.0
558,4.8831050949044705,5,5.002216531991168,0.0
559,4.828773775949748,5,5.001311285069309,0.0
560,4.775130122809786,2,5.0,0.0
561,4.722165346456432,2,4.998290988933355,0.0
562,4.669870770280182,2,4.99619243405053,0.0
563,4.618237828652167,2,4.993712389405875,0.0
564,4.567258065504535,2,4.990858782744147,0.0
565,4.516923132928998,2,4.987639417293125,0.0
566,4.467224789793298,2,4.984061973531958,0.0
567,4.418154900375376,2,4.980134010935543,0.0
568,4.369705433015012,2,4.975862969695285,0.0
569,4.321868458782707,2,4.971256172416516,0.0
570,4.2746361501656,2,4.966320825792898,0.0
571,4.228000779770193,2,4.96106402225813,0.0
572,4.18195471904166,2,4.955492741615222,0.0
573,4.136490436999553,2,4.949613852643663,0.0
574,4.091600498989674,2,4.943434114684767,0.0
575,4.047277565451907,2,4.936960179205484,0.0
576,4.0035143907038195,2,4.9301985913409565,0.0
577,3.9603038217398208,2,4.923155791416114,0.0
578,3.9176387970456816,2,4.915838116446573,0.0
579,3.875512345428215,2,4.9082518016191266,0.0
580,3.8339175848599325,2,4.900402981752075,0.0
581,3.792847721338473,2,4.892297692735695,0.0
582,3.7522960477606286,2,4.883941872953076,0.0
583,3.7122559428107667,2,4.875341364681613,0.0
584,3.672720869863476,2,4.866501915475395,0.0
585,3.633684375900246,2,4.857429179528744,0.0
586,3.595140090440006,2,4.848128719021167,0.0
587,3.557081724483342,2,4.83860600544395,0.0
588,3.5195030694702223,2,4.828866420908649,0.0
589,3.4823979962510525,2,4.818915259437717,0.0
590,3.4457604540708946,2,4.808757728237498,0.0
591,3.4095844695666777,2,4.798398948953832,0.0
592,3.3738641457772336,2,4.787843958910488,0.0
593,3.338593661166005,2,4.777097712330676,0.0
594,3.303767268656243,2,4.766165081541825,0.0
595,3.2693792946785556,2,4.7550508581638935,0.0
596,3.2354241382306324,2,4.743759754281404,0.0
597,3.201896269949002,2,4.732296403599419,0.0
598,3.16879023119266,2,4.720665362583675,0.0
599,3.136100633138424,2,4.708871111585104,0.0
600,3.10382215588785,2,4.69691805594891,0.0
601,3.0719495475855862,2,4.684810527108445,0.0
602,3.040477623548993,2,4.672552783664071,0.0
603,3.0094012654089033,2,4.660149012447196,0.0
604,2.9787154202613726,2,4.647603329569704,0.0
605,2.9484150998302767,2,4.634919781458961,0.0
606,2.9184953796406248,2,4.622102345878583,0.0
607,2.8889513982024453,2,4.609154932935174,0.0
608,2.8597783562051142,2,4.596081386071204,0.0
609,2.8309715157219806,2,4.582885483044222,0.0
610,2.802526199425179,2,4.569570936892573,0.0
611,2.7744377898104737,2,4.55614139688782,0.0
612,2.746701728432028,2,4.5426004494740315,0.0
613,2.7193135151469545,2,4.528951619194113,0.0
614,2.6922687073695335,2,4.515198369603354,0.0
615,2.665562919334971,2,4.501344104170377,0.0
616,2.6391918213725707,2,4.487392167165628,0.0
617,2.6131511391882074,2,4.4733458445376,0.0
618,2.587436653155977,2,4.459208364776945,0.0
619,2.5620441976189077,2,4.4449828997686245,0.0
620,2.5369696601986145,2,4.430672565632287,0.0
621,2.512208981113788,2,4.416280423550991,0.0
622,2.4877581525073995,2,4.401809480588469,0.0
623,2.463613217782508,2,4.387262690495052,0.0
624,2.4397702709465703,2,4.372642954502436,0.0
625,2.416225455964133,2,4.3579531221074115,0.0
626,2.3929749661178077,2,4.3431959918447225,0.0
627,2.3700150433774203,2,4.328374312049197,0.0
628,2.3473419777772255,2,4.313490781607292,0.0
629,2.324952106801094,2,4.298548050698183,0.0
630,2.3028418147755603,2,4.283548721524564,0.0
631,2.281007532270635,2,4.268495349033271,0.0
632,2.2594457355082844,2,4.253390441625875,0.0
633,2.2381529457784715,2,4.238236461859381,0.0
634,2.217125728862669,2,4.223035827137165,0.0
635,2.196360694464751,2,4.207790910390279,0.0
636,2.175854495649156,2,4.192504040749244,0.0
637,2.1556038282862464,2,4.177177504206483,0.0
638,2.135605430504751,2,4.1618135442694895,0.0
639,2.115856082151225,2,4.146414362604877,0.0
640,2.0963526042564133,2,4.13098211967343,0.0
641,2.077091858508447,2,4.11551893535626,0.0
642,2.0580707467327723,2,4.1000268895722165,0.0
643,2.0392862103787395,2,4.084508022886636,0.0
644,2.020735230012753,2,4.068964337111576,0.0
645,2.002414824817907,2,4.053397795897625,0.0
646,1.984322052100022,2,4.037810325317419,0.0
647,1.9664540068000016,2,4.022203814440966,0.0
648,1.9488078210124216,2,4.006580115902895,0.0
649,1.9313806635102841,2,3.990941046461727,0.0
650,1.9141697392758446,2,3.9752883875512954,0.0
651,1.8971722890374443,2,3.959623885824402,0.0
652,1.8803855888122656,2,3.943949253688821,0.0
653,1.8638069494549383,2,3.928266169835759,0.0
654,1.847433716211917,2,3.9125762797608648,0.0
655,1.83126326828156,2,3.896881196277892,0.0
656,1.8152930183798377,2,3.8811825000251194,0.0
657,1.7995204123115922,2,3.865481739964615,0.0
658,1.7839429285472843,2,3.8497804338744523,0.0
659,1.7685580778051533,2,3.8340800688339653,0.0
660,1.7533634026387221,2,3.818382101702146,0.0
661,1.7383564770295787,2,3.8026879595892638,0.0
662,1.7235349059853662,2,3.7869990403218106,0.0
663,1.7088963251429161,2,3.771316712900853,0.0
664,1.6944384003764565,2,3.755642317953892,0.0
665,1.680158827410835,2,3.7399771681803036,0.0
666,1.6660553314396858,2,3.7243225487904557,0.0
667,1.6521256667484816,2,3.7086797179385895,0.0
668,1.6383676163424112,2,3.693049907149544,0.0
669,1.6247789915790103,2,3.6774343217394105,0.0
670,1.6113576318054976,2,3.6618341412301914,0.0
671,1.598101404000748,2,3.6462505197585635,0.0
672,1.5850082024218437,2,3.6306845864788038,0.0
673,1.572075948255148,2,3.615137445959971,0.0
674,1.5593025892718448,2,3.599610178577414,0.0
675,1.5466860994878786,2,3.584103840898692,0.0
676,1.5342244788282504,2,3.5686194660639696,0.0
677,1.5219157527956033,2,3.5531580641609777,0.0
678,1.5097579721430507,2,3.537720622594601,0.0
679,1.497749212551187,2,3.522308106451169,0.0
680,1.4858875743092324,2,3.5069214588575286,0.0
681,1.4741711820002528,2,3.4915616013349613,0.0
682,1.46259818419041,2,3.476229434148018,0.0
683,1.4511667531221855,2,3.46092583664834,0.0
684,1.439875084411527,2,3.445651667613541,0.0
685,1.428721396748871,2,3.4304077655812053,0.0
686,1.4177039316039888,2,3.415194949178079,0.0
687,1.4068209529346085,2,3.4000140174445157,0.0
688,1.3960707468987625,2,3.3848657501542405,0.0
689,1.385451621570817,2,3.369750908129499,0.0
690,1.3749619066611332,2,3.3546702335516527,0.0
691,1.3645999532393125,2,3.3396244502672845,0.0
692,1.3543641334609853,2,3.324614264089872,0.0
693,1.3442528402980911,2,3.3096403630970923,0.0
694,1.3342644872726117,2,3.2947034179238197,0.0
695,1.324397508193708,2,3.2798040820508705,0.0
696,1.3146503568982215,2,3.264942992089556,0.0
697,1.305021506994493,2,3.250120768062102,0.0
698,1.2955094516094594,2,3.2353380136779877,0.0
699,1.2861127031389858,2,3.220595316606267,0.0
700,1.2768297930013912,2,3.2058932487439153,0.0
701,1.267659271394126,2,3.1912323664802718,0.0
702,1.2585997070535624,2,3.1766132109576173,0.0
703,1.249649687017859,2,3.162036308327946,0.0
704,1.2408078163928569,2,3.147502170005989,0.0
705,1.2320727181209705,2,3.133011292918529,0.0
706,1.2234430327530355,2,3.1185641597500675,0.0
707,1.214917418223074,2,3.10416123918489,0.0
708,1.2064945496259432,2,3.08980298614558,0.0
709,1.1981731189978255,2,3.0754898420280306,0.0
710,1.1899518350995273,2,3.061222234933001,0.0
711,1.1818294232025517,2,3.047000579894266,0.0
712,1.1738046248779046,2,3.032825279103409,0.0
713,1.1658761977876042,2,3.018696722131295,0.0
714,1.1580429154788574,2,3.0046152861462834,0.0
715,1.1503035671808686,2,2.990581336129211,0.0
716,1.1426569576042471,2,2.9765952250852035,0.0
717,1.1351019067429822,2,2.962657294252348,0.0
718,1.1276372496789486,2,2.9487678733072773,0.0
719,1.1202618363889154,2,2.934927280567702,0.0
720,1.1129745315540214,2,2.921135823191943,0.0
721,1.105774214371689,2,2.907393797375495,0.0
722,1.098659778369944,2,2.8937014885446657,0.0
723,1.0916301312241092,2,2.880059171547338,0.0
724,1.0846841945758434,2,2.8664671108408815,0.0
725,1.077820903854498,2,2.8529255606772668,0.0
726,1.0710392081007523,2,2.839434765285414,0.0
727,1.0643380697925118,2,2.82599495905081,0.0
728,1.0577164646730288,2,2.812606366692447,0.0
729,1.051173381581224,2,2.799269203437099,0.0
730,1.0447078222841777,2,2.785983675190994,0.0
731,1.0383188013117628,2,2.772749978708902,0.0
732,1.0320053457933955,2,2.7595683017606834,0.0
733,1.0257664952968724,2,2.746438823295332,0.0
734,1.0196013016692689,2,2.733361713602543,0.0
735,1.0135088288798741,2,2.7203371344718503,0.0
736,1.0074881528651338,2,2.707365239349351,0.0
737,1.0015383613755775,2,2.6944461734920706,0.0
738,0.9956585538247023,2,2.681580074119985,0.0
739,0.9898478411397924,2,2.6687670705657407,0.0
740,0.9841053456146441,2,2.6560072844221034,0.0
741,0.9784302007641752,2,2.6433008296871665,0.0
742,0.9728215511808957,2,2.630647812907352,0.0
743,0.9672785523932137,2,2.6180483333182303,0.0
744,0.9618003707255524,2,2.6055024829832,0.0
745,0.9563861831602588,2,2.593010346930042,0.0
746,0.9510351772012766,2,2.5805720032853916,0.0
747,0.9457465507395653,2,2.568187523407152,0.0
748,0.9405195119202374,2,2.5558569720148783,0.0
749,0.9353532790113998,2,2.543580407318159,0.0
750,0.930247080274668,2,2.5313578811430277,0.0
751,0.9252001538373406,2,2.519189439056428,0.0
752,0.9202117475662057,2,2.5070751204887625,0.0
753,0.9152811189429649,2,2.495014958854551,0.0
754,0.9104075349412472,2,2.4830089816712233,0.0
755,0.905590271905199,2,2.4710572106760753,0.0
756,0.9008286154296259,2,2.459159661941417,0.0
757,0.8961218602416668,2,2.447316345987927,0.0
758,0.891469310083984,2,2.4355272678962554,0.0
759,0.8868702775994449,2,2.423792427416882,0.0
760,0.8823240842172805,0,2.4121118190782695,0.0
761,0.8778300600406993,0,2.4004854322933262,0.0
762,0.8733875437359392,0,2.388913251464206,0.0
763,0.868995882422738,0,2.377395256085471,0.0
764,0.8646544315662064,0,2.365931420845634,0.0
765,0.8603625548700818,0,2.35452171572711,0.0
766,0.8561196241713501,0,2.3431661061045967,0.0
767,0.8519250193362132,0,2.3318645528419037,0.0
768,0.8477781281573893,0,2.3206170123872605,0.0
769,0.8436783462527245,0,2.309423436867114,0.0
770,0.8396250769651039,0,2.298283774178444,0.0
771,0.8356177312636414,0,2.287197968079622,0.0
772,0.8316557276461333,0,2.2761659582798206,0.0
773,0.8277384920427608,0,2.2651876805270046,0.0
774,0.8238654577210235,0,2.254263066694524,0.0
775,0.8200360651918888,0,2.2433920448663254,0.0
776,0.8162497621171426,0,2.2325745394207996,0.0
777,0.8125060032179244,0,2.221810471113292,0.0
778,0.8088042501844326,0,2.2110997571572866,0.0
779,0.8051439715867846,0,2.200442311304293,0.0
780,0.8015246427870178,0,2.18983804392244,0.0
781,0.7979457458522161,0,2.179286862073811,0.0
782,0.7944067694687461,0,2.1687886695905263,0.0
783,0.7909072088575932,0,2.1583433671496004,0.0
784,0.787446565690778,0,2.147950852346581,0.0
785,0.7840243480088431,0,2.1376110197679967,0.0
786,0.7806400701393961,0,2.127323761062627,0.0
787,0.7772932526166925,0,2.1170889650116105,0.0
788,0.7739834221022492,0,2.106906517597409,0.0
789,0.7707101113064727,0,2.0967763020716457,0.0
790,0.7674728589112895,0,2.0866981990218303,0.0
791,0.7642712094937668,0,2.07667208643699,0.0
792,0.7611047134507098,0,2.0666978397722215,0.0
793,0.7579729269242241,0,2.056775332012178,0.0
794,0.7548754117282288,0,2.0469044337335096,0.0
795,0.7518117352759115,0,2.037085013166269,0.0
796,0.7487814705081104,0,2.0273169362543024,0.0
797,0.7457841958226119,0,2.0176000667146314,0.0
798,0.7428194950043535,0,2.0079342660958517,0.0
799,0.7398869571565194,0,1.998319393835556,0.0
800,0.7369861766325171,0,1.9887553073167952,0.0
801,0.7341167529688244,0,1.9792418619235947,0.0
802,0.731278290818695,0,1.9697789110955388,0.0
803,0.7284703998867128,0,1.9603663063814343,0.0
804,0.7256926948641829,0,1.9510038974920747,0.0
805,0.7229447953653492,0,1.9416915323521027,0.0
806,0.7202263258644274,0,1.9324290571510032,0.0
807,0.7175369156334441,0,1.9232163163932252,0.0
808,0.7148761986808712,0,1.914053152947451,0.0
809,0.7122438136910438,0,1.904939408095025,0.0
810,0.7096394039643551,0,1.8958749215775548,0.0
811,0.7070626173582149,0,1.8868595316436947,0.0
812,0.7045131062287633,0,1.8778930750951248,0.0
813,0.7019905273733309,0,1.8689753873317403,0.0
814,0.6994945419736347,0,1.8601063023960562,0.0
815,0.6970248155396995,0,1.8512856530168456,0.0
816,0.6945810178544986,0,1.8425132706520193,0.0
817,0.6921628229193002,0,1.8337889855307579,0.0
818,0.6897699088997161,0,1.8251126266949107,0.0
819,0.6874019580724375,0,1.8164840220396672,0.0
820,0.6850586567726531,0,1.807902998353516,0.0
821,0.6827396953421407,0,1.7993693813575011,0.0
822,0.6804447680780221,0,1.7908829957437844,0.0
823,0.6781735731821732,0,1.7824436652135245,0.0
824,0.6759258127112815,0,1.7740512125140862,0.0
825,0.6737011925275427,0,1.7657054594755848,0.0
826,0.6714994222499877,0,1.7574062270467796,0.0
827,0.6693202152064321,0,1.749153335330324,0.0
828,0.6671632883860408,0,1.7409466036173822,0.0
829,0.6650283623924985,0,1.732785850421624,0.0
830,0.6629151613977806,0,1.7246708935126027,0.0
831,0.6608234130965137,0,1.7166015499485299,0.0
832,0.6587528486609215,0,1.7085776361084546,0.0
833,0.6567032026963461,0,1.700598967723853,0.0
834,0.6546742131973383,0,1.6926653599096442,0.0
835,0.65266562150431,0,1.6847766271946307,0.0
836,0.6506771722607406,0,1.6769325835513842,0.0
837,0.6487086133709312,0,1.669133042425575,0.0
838,0.6467596959582992,0,1.6613778167647597,0.0
839,0.6448301743242054,0,1.6536667190466305,0.0
840,0.6429198059073095,0,1.64599956130674,0.0
841,0.6410283512434438,0,1.6383761551657043,0.0
842,0.6391555739260016,0,1.630796311855895,0.0
843,0.6373012405668311,0,1.6232598422476279,0.0
844,0.6354651207576301,0,1.6157665568748538,0.0
845,0.6336469870318346,0,1.6083162659603627,0.0
846,0.6318466148269948,0,1.600908779440506,0.0
847,0.630063782447632,0,1.593543906989443,0.0
848,0.6282982710285714,0,1.5862214580429252,0.0
849,0.6265498644987436,0,1.578941241821616,0.0
850,0.6248183495454478,0,1.5717030673539623,0.0
851,0.623103515579075,0,1.5645067434986175,0.0
852,0.6214051546982795,0,1.5573520789664288,0.0
853,0.6197230616555979,0,1.5502388823419908,0.0
854,0.6180570338235067,0,1.543166962104774,0.0
855,0.6164068711609147,0,1.5361361266498363,0.0
856,0.6147723761800844,0,1.5291461843081207,0.0
857,0.6131533539139747,0,1.5221969433663476,0.0
858,0.611549611884004,0,1.5152882120865094,0.0
859,0.6099609600682233,0,1.5084197987249701,0.0
860,0.6083872108698979,0,1.5015915115511789,0.0
861,0.60682817908649,0,1.494803158866001,0.0
862,0.6052836818790391,0,1.4880545490196764,0.0
863,0.6037535387419332,0,1.4813454904294077,0.0
864,0.6022375714730666,0,1.4746757915965827,0.0
865,0.6007356041443802,0,1.4680452611236439,0.0
866,0.5992474630727785,0,1.4614537077306016,0.0
867,0.5977729767914176,0,1.454900940271202,0.0
868,0.5963119760213619,0,1.4483867677487556,0.0
869,0.5948642936436018,0,1.4419109993316275,0.0
870,0.5934297646714313,0,1.4354734443683983,0.0
871,0.5920082262231767,0,1.4290739124027014,0.0
872,0.5905995174952763,0,1.4227122131877368,0.0
873,0.5892034797357023,0,1.4163881567004741,0.0
874,0.5878199562177249,0,1.4101015531555419,0.0
875,0.5864487922140098,0,1.4038522130188142,0.0
876,0.585089834971049,0,1.3976399470206977,0.0
877,0.5837429336839172,0,1.3914645661691205,0.0
878,0.5824079394713518,0,1.3853258817622327,0.0
879,0.5810847053511516,0,1.3792237054008218,0.0
880,0.5797730862158904,0,1.3731578490004444,0.0
881,0.5784729388089402,0,1.3671281248032816,0.0
882,0.5771841217008025,0,1.3611343453897247,0.0
883,0.5759064952657416,0,1.3551763236896885,0.0
884,0.5746399216587167,0,1.3492538729936665,0.0
885,0.5733842647926096,0,1.343366806963521,0.0
886,0.5721393903157431,0,1.337514939643022,0.0
887,0.5709051655896877,0,1.3316980854681344,0.0
888,0.5696814596673511,0,1.3259160592770582,0.0
889,0.5684681432713489,0,1.3201686763200244,0.0
890,0.5672650887726516,0,1.3144557522688545,0.0
891,0.5660721701695052,0,1.3087771032262832,0.0
892,0.5648892630666204,0,1.3031325457350516,0.0
893,0.563716244654629,0,1.2975218967867714,0.0
894,0.5625529936898029,0,1.291944973830567,0.0
895,0.5613993904740318,0,1.286401594781497,0.0
896,0.5602553168350577,0,1.2808915780287602,0.0
897,0.5591206561069627,0,1.2754147424436881,0.0
898,0.5579952931109049,0,1.269970907387529,0.0
899,0.556879114136102,0,1.2645598927190267,0.0
900,0.5557720069210579,0,1.2591815188017963,0.0
901,0.5546738606350285,0,1.2538356065115026,0.0
902,0.5535845658597266,0,1.2485219772428413,0.0
903,0.5525040145712583,0,1.2432404529163297,0.0
904,0.5514321001222924,0,1.237990855984907,0.0
905,0.550368717224457,0,1.232773009440351,0.0
906,0.5493137619309615,0,1.2275867368195101,0.0
907,0.5482671316194411,0,1.2224318622103572,0.0
908,0.5472287249750198,0,1.2173082102578663,0.0
909,0.5461984419735917,0,1.2122156061697165,0.0
910,0.5451761838653141,0,1.2071538757218259,0.0
911,0.5441618531583139,0,1.2021228452637165,0.0
912,0.5431553536026004,0,1.1971223417237153,0.0
913,0.5421565901741857,0,1.1921521926139949,0.0
914,0.5411654690594069,0,1.1872122260354523,0.0
915,0.5401818976394489,0,1.1823022706824342,0.0
916,0.5392057844750666,0,1.1774221558473075,0.0
917,0.5382370392915005,0,1.1725717114248784,0.0
918,0.5372755729635867,0,1.1677507679166648,0.0
919,0.5363212975010572,0,1.1629591564350212,0.0
920,0.5353741260340266,0,1.1581967087071232,0.0
921,0.5344339727986678,0,1.1534632570788077,0.0
922,0.5335007531230671,0,1.1487586345182785,0.0
923,0.532574383413263,0,1.1440826746196748,0.0
924,0.5316547811394622,0,1.139435211606506,0.0
925,0.5307418648224327,0,1.1348160803349565,0.0
926,0.5298355540200704,0,1.1302251162970611,0.0
927,0.528935769314137,0,1.125662155623756,0.0
928,0.5280424322971697,0,1.1211270350878029,0.0
929,0.5271554655595556,0,1.1166195921065938,0.0
930,0.5262747926767732,0,1.112139664744836,0.0
931,0.525400338196797,0,1.1076870917171187,0.0
932,0.5245320276276615,0,1.1032617123903643,0.0
933,0.5236697874251877,0,1.0988633667861676,0.0
934,0.5228135449808623,0,1.094491895583024,0.0
935,0.5219632286098758,0,1.0901471401184477,0.0
936,0.5211187675393107,0,1.0858289423909824,0.0
937,0.5202800918964832,0,1.0815371450621096,0.0
938,0.5194471326974317,0,1.0772715914580508,0.0
939,0.5186198218355544,0,1.0730321255714699,0.0
940,0.5177980920703918,0,1.068818592063077,0.0
941,0.5169818770165511,0,1.0646308362631327,0.0
942,0.5161711111327751,0,1.0604687041728587,0.0
943,0.5153657297111486,0,1.056332042465754,0.0
944,0.5145656688664437,0,1.052220698488819,0.0
945,0.5137708655256017,0,1.048134520263689,0.0
946,0.5129812574173487,0,1.0440733564876796,0.0
947,0.512196783061945,0,1.040037056534745,0.0
948,0.5114173817610651,0,1.0360254704563518,0.0
949,0.5106429935878066,0,1.0320384489822674,0.0
950,0.5098735593768281,0,1.0280758435212694,0.0
951,0.5091090207146126,0,1.0241375061617715,0.0
952,0.508349319929855,0,1.020223289672373,0.0
953,0.5075944000839735,0,1.0163330475023298,0.0
954,0.5068442049617419,0,1.0124666337819503,0.0
955,0.5060986790620412,0,1.0086239033229165,0.0
956,0.5053577675887306,0,1.004804711618534,0.0
957,0.5046214164416345,0,1.0010089148439074,0.0
958,0.5038895722076445,0,0.9972363698560501,0.0
959,0.5031621821519366,0,0.9934869341939222,0.0
960,0.5024391942092994,0,0.9897604660784031,0.0
961,0.5017205569755728,0,0.986056824412198,0.0
962,0.5010062196991988,0,0.9823758687796795,0.0
963,0.500296132272877,0,0.9787174594466678,0.0
964,0.49959024522532935,0,0.9750814573601471,0.0
965,0.4988885097131694,0,0.9714677241479224,0.0
966,0.4981908775128751,0,0.9678761221182182,0.0
967,0.49749730101286455,0,0.9643065142592175,0.0
968,0.4968077332056738,0,0.9607587642385451,0.0
969,0.4961221276802338,0,0.9572327364026952,0.0
970,0.4954404386142466,0,0.9537282957764044,0.0
971,0.4947626207666588,0,0.9502453080619719,0.0
972,0.4940886294702314,0,0.9467836396385276,0.0
973,0.49341842062420516,0,0.9433431575612486,0.0
974,0.49275195068705857,0,0.939923729560527,0.0
975,0.49208917666935986,0,0.9365252240410886,0.0
976,0.4914300561267095,0,0.9331475100810633,0.0
977,0.49077454715277313,0,0.9297904574310101,0.0
978,0.490122608372404,0,0.9264539365128953,0.0
979,0.4894741989348531,0,0.9231378184190276,0.0
980,0.4888292785070659,0,0.9198419749109479,0.0
981,0.48818780726706523,0,0.9165662784182783,0.0
982,0.48754974589741856,0,0.9133106020375291,0.0
983,0.4869150555787893,0,0.9100748195308642,0.0
984,0.48628369798356974,0,0.9068588053248283,0.0
985,0.4856556352695962,0,0.9036624345090347,0.0
986,0.485030830073944,0,0.9004855828348148,0.0
987,0.4844092455068026,0,0.8973281267138322,0.0
988,0.48379084514542764,0,0.8941899432166587,0.0
989,0.48317559302817215,0,0.8910709100713173,0.0
990,0.48256345364859304,0,0.8879709056617894,0.0
991,0.4819543919496326,0,0.884889809026489,0.0
992,0.4813483733178752,0,0.8818274998567047,0.0
993,0.4807453635778779,0,0.8787838584950096,0.0
994,0.48014532898657203,0,0.8757587659336393,0.0
995,0.47954823622773735,0,0.8727521038128415,0.0
996,0.4789540524065473,0,0.8697637544191948,0.0
997,0.4783627450441829,0,0.8667936006838987,0.0
998,0.47777428207251643,0,0.8638415261810368,0.0
999,0.4771886318288628,0,0.8609074151258119,0.0
1000,0.4766057630507981,0,0.8579911523727551,0.0
1001,0.47602564487104454,0,0.8550926234139082,0.0
1002,0.4754482468124201,0,0.8522117143769824,0.0
1003,0.47487353878285393,0,0.8493483120234917,0.0
1004,0.4743014910704649,0,0.8465023037468629,0.0
1005,0.47373207433870257,0,0.8436735775705222,0.0
1006,0.47316525962155165,0,0.8408620221459603,0.0
1007,0.47260101831879653,0,0.8380675267507748,0.0
1008,0.47203932219134676,0,0.8352899812866917,0.0
1009,0.47148014335662275,0,0.8325292762775671,0.0
1010,0.47092345428400006,0,0.829785302867368,0.0
1011,0.470369227790312,0,0.8270579528181343,0.0
1012,0.4698174370354097,0,0.8243471185079229,0.0
1013,0.46926805551777956,0,0.8216526929287318,0.0
1014,0.4687210570702156,0,0.8189745696844084,0.0
1015,0.4681764158555485,0,0.8163126429885406,0.0
1016,0.467634106362428,0,0.8136668076623297,0.0
1017,0.4670941034011605,0,0.8110369591324504,0.0
1018,0.46655638209959865,0,0.8084229934288927,0.0
1019,0.46602091789908445,0,0.8058248071827898,0.0
1020,0.4654876865504441,0,0.8032422976242337,0.0
1021,0.4649566641100332,0,0.8006753625800729,0.0
1022,0.4644278269358341,0,0.7981239004717006,0.0
1023,0.46390115168360163,0,0.795587810312828,0.0
1024,0.4633766153030589,0,0.7930669917072458,0.0
1025,0.46285419503414216,0,0.7905613448465739,0.0
1026,0.4623338684032923,0,0.7880707705079995,0.0
1027,0.4618156132197955,0,0.7855951700520036,0.0
1028,0.46129940757216903,0,0.7831344454200789,0.0
1029,0.46078522982459497,0,0.7806884991324348,0.0
1030,0.4602730586133979,0,0.7782572342856953,0.0
1031,0.45976287284356887,0,0.7758405545505856,0.0
1032,0.4592546516853331,0,0.7734383641696123,0.0
1033,0.45874837457076195,0,0.7710505679547318,0.0
1034,0.45824402119042823,0,0.7686770712850137,0.0
1035,0.4577415714901039,0,0.7663177801042949,0.0
1036,0.45724100566750053,0,0.7639726009188269,0.0
1037,0.4567423041690511,0,0.7616414407949168,0.0
1038,0.45624544768673303,0,0.7593242073565601,0.0
1039,0.45575041715493186,0,0.7570208087830694,0.0
1040,0.45525719374734536,0,0.7547311538066956,0.0
1041,0.45476575887392634,0,0.7524551517102446,0.0
1042,0.4542760941778658,0,0.7501927123246884,0.0
1043,0.45378818153261374,0,0.7479437460267725,0.0
1044,0.45330200303893814,0,0.745708163736617,0.0
1045,0.4528175410220222,0,0.7434858769153145,0.0
1046,0.452334778028598,0,0.7412767975625253,0.0
1047,0.45185369682411725,0,0.7390808382140674,0.0
1048,0.45137428038995797,0,0.7368979119395038,0.0
1049,0.450896511920667,0,0.7347279323397272,0.0
1050,0.4504203748212379,0,0.7325708135445423,0.0
1051,0.44994585270442355,0,0.7304264702102452,0.0
1052,0.44947292938808286,0,0.7282948175172008,0.0
1053,0.4490015888925621,0,0.7261757711674195,0.0
1054,0.4485318154381088,0,0.7240692473821305,0.0
1055,0.4480635934423197,0,0.7219751628993559,0.0
1056,0.44759690751762077,0,0.7198934349714825,0.0
1057,0.44713174246877907,0,0.7178239813628331,0.0
1058,0.44666808329044755,0,0.7157667203472383,0.0
1059,0.44620591516474034,0,0.7137215707056066,0.0
